layer,percent
l23,0.2950362734328855
l4,0.19994027847888998
l5,0.2886173635292327
l6,0.21640608455899185
